-- MySQL dump 10.13  Distrib 8.0.42, for Linux (x86_64)
--
-- Host: localhost    Database: db_booking_rooms
-- ------------------------------------------------------
-- Server version	8.0.42-0ubuntu0.22.04.1

/*!40101 SET @OLD_CHARACTER_SET_CLIENT=@@CHARACTER_SET_CLIENT */;
/*!40101 SET @OLD_CHARACTER_SET_RESULTS=@@CHARACTER_SET_RESULTS */;
/*!40101 SET @OLD_COLLATION_CONNECTION=@@COLLATION_CONNECTION */;
/*!50503 SET NAMES utf8mb4 */;
/*!40103 SET @OLD_TIME_ZONE=@@TIME_ZONE */;
/*!40103 SET TIME_ZONE='+00:00' */;
/*!40014 SET @OLD_UNIQUE_CHECKS=@@UNIQUE_CHECKS, UNIQUE_CHECKS=0 */;
/*!40014 SET @OLD_FOREIGN_KEY_CHECKS=@@FOREIGN_KEY_CHECKS, FOREIGN_KEY_CHECKS=0 */;
/*!40101 SET @OLD_SQL_MODE=@@SQL_MODE, SQL_MODE='NO_AUTO_VALUE_ON_ZERO' */;
/*!40111 SET @OLD_SQL_NOTES=@@SQL_NOTES, SQL_NOTES=0 */;

--
-- Table structure for table `clients`
--

DROP TABLE IF EXISTS `clients`;
/*!40101 SET @saved_cs_client     = @@character_set_client */;
/*!50503 SET character_set_client = utf8mb4 */;
CREATE TABLE `clients` (
  `id` bigint unsigned NOT NULL AUTO_INCREMENT,
  `lastname` varchar(10) COLLATE utf8mb4_unicode_ci NOT NULL,
  `firstname` varchar(10) COLLATE utf8mb4_unicode_ci DEFAULT NULL,
  `phone` varchar(20) COLLATE utf8mb4_unicode_ci DEFAULT NULL,
  `email` varchar(255) COLLATE utf8mb4_unicode_ci DEFAULT NULL,
  `date_of_birth` date DEFAULT NULL,
  `place_of_birth` varchar(255) COLLATE utf8mb4_unicode_ci DEFAULT NULL,
  `gender` enum('male','female','other') COLLATE utf8mb4_unicode_ci DEFAULT NULL,
  `identity_document` varchar(255) COLLATE utf8mb4_unicode_ci DEFAULT NULL,
  `document_number` varchar(255) COLLATE utf8mb4_unicode_ci DEFAULT NULL,
  `document_issuing_place` varchar(255) COLLATE utf8mb4_unicode_ci DEFAULT NULL,
  `lastname_group_1` varchar(10) COLLATE utf8mb4_unicode_ci DEFAULT NULL,
  `firstname_group_1` varchar(10) COLLATE utf8mb4_unicode_ci DEFAULT NULL,
  `date_of_birth_group_1` date DEFAULT NULL,
  `place_of_birth_group_1` varchar(255) COLLATE utf8mb4_unicode_ci DEFAULT NULL,
  `gender_group_1` enum('male','female','other') COLLATE utf8mb4_unicode_ci DEFAULT NULL,
  `identity_document_group_1` varchar(255) COLLATE utf8mb4_unicode_ci DEFAULT NULL,
  `document_number_group_1` varchar(255) COLLATE utf8mb4_unicode_ci DEFAULT NULL,
  `document_issuing_place_group_1` varchar(255) COLLATE utf8mb4_unicode_ci DEFAULT NULL,
  `lastname_group_2` varchar(10) COLLATE utf8mb4_unicode_ci DEFAULT NULL,
  `firstname_group_2` varchar(10) COLLATE utf8mb4_unicode_ci DEFAULT NULL,
  `date_of_birth_group_2` date DEFAULT NULL,
  `place_of_birth_group_2` varchar(255) COLLATE utf8mb4_unicode_ci DEFAULT NULL,
  `gender_group_2` enum('male','female','other') COLLATE utf8mb4_unicode_ci DEFAULT NULL,
  `identity_document_group_2` varchar(255) COLLATE utf8mb4_unicode_ci DEFAULT NULL,
  `document_number_group_2` varchar(255) COLLATE utf8mb4_unicode_ci DEFAULT NULL,
  `document_issuing_place_group_2` varchar(255) COLLATE utf8mb4_unicode_ci DEFAULT NULL,
  `created_at` timestamp NULL DEFAULT NULL,
  `updated_at` timestamp NULL DEFAULT NULL,
  PRIMARY KEY (`id`)
) ENGINE=InnoDB AUTO_INCREMENT=180 DEFAULT CHARSET=utf8mb4 COLLATE=utf8mb4_unicode_ci;
/*!40101 SET character_set_client = @saved_cs_client */;

--
-- Dumping data for table `clients`
--

LOCK TABLES `clients` WRITE;
/*!40000 ALTER TABLE `clients` DISABLE KEYS */;
INSERT INTO `clients` VALUES (3,'Lang','Edmond','3187740961','mbogan@kovacek.com','1984-04-12','Port Elmirachester','other','passport','KY4PJE353C','Devonmouth','Heller','Glen','1978-06-18','Hodkiewiczhaven','male','driver_license','I3JL8NKZN3','Brayanport','Stokes','Emilia','2004-01-28','Port Braxton','female','passport','CRTNW4OJBQ','Lake Donbury','2024-04-16 07:07:48','2024-04-16 07:07:48'),(5,'MEDICI','WALTER','','','1968-12-19','argentina','male','Passaporto','YB3633003','argentina','pintos','haydee ','1968-08-21','argentina','female','Passaporto','AAd161660','argentina','MEDICI','AYELEN ','1994-07-09','ARGENTINA','female','Passaporto','YB3633004','ARGENTINA','2024-05-09 14:56:09','2024-05-09 14:56:09'),(6,'liotti','giuseppe',NULL,NULL,'1980-08-30','napoli','male','Carta d\'Identità','ax0775297','napoli',NULL,NULL,NULL,NULL,NULL,NULL,NULL,NULL,NULL,NULL,NULL,NULL,NULL,NULL,NULL,NULL,'2024-05-10 17:52:40','2024-05-10 17:52:40'),(7,'Martini','Alessio ','3667799004',NULL,NULL,NULL,NULL,NULL,NULL,NULL,NULL,NULL,NULL,NULL,NULL,NULL,NULL,NULL,NULL,NULL,NULL,NULL,NULL,NULL,NULL,NULL,'2024-05-12 06:31:02','2024-05-12 06:31:02'),(8,'MORELLI ','ARMANDO',NULL,NULL,'1961-09-05','ROMA','male','Patente','U199S3001G','ROMA',NULL,NULL,NULL,NULL,NULL,NULL,NULL,NULL,NULL,NULL,NULL,NULL,NULL,NULL,NULL,NULL,'2024-05-14 14:54:38','2024-05-14 14:54:38'),(9,'MADOTTO ','LAURETTA ','','','1963-09-17','ROMA','female','Carta d\'Identità','AX1118445','ROMA','','',NULL,'',NULL,'','','','','',NULL,'',NULL,'','','','2024-05-14 14:56:36','2024-05-14 14:56:36'),(10,'aragona','alessandro',NULL,NULL,'1977-02-12','enna','male','Carta d\'Identità','ay6964014','villarosa','spinelli','ester','1987-04-14','pescara','female','Carta d\'Identità','ca59835ew','montesilvano',NULL,NULL,NULL,NULL,NULL,NULL,NULL,NULL,'2024-05-16 16:47:35','2024-05-16 16:47:35'),(11,'Morabito','Giovanni',NULL,NULL,'1991-11-21','MELITO DI PORTO SALVO','male','Carta d\'Identità','CA86999MJ','REGGIO DI CALABRIA',NULL,NULL,NULL,NULL,NULL,NULL,NULL,NULL,NULL,NULL,NULL,NULL,NULL,NULL,NULL,NULL,'2024-05-17 14:26:37','2024-05-17 14:26:37'),(12,'mazzaferri','carmela','','','1985-07-24','matera','female','Carta d\'Identità','AT7159016','pomarico','carrescia','antonio','1975-10-12','policoro','male','Patente','U1G591409N','policoro','','',NULL,'',NULL,'','','','2024-05-17 15:13:11','2024-05-17 15:13:11'),(13,'ludovico','Maria D.',NULL,NULL,'1947-01-02','bari','female','Carta d\'Identità','AU4722744','bari','cramarossa','agostino','1944-03-16','bari','male','Carta d\'Identità','CA84318RM','bari',NULL,NULL,NULL,NULL,NULL,NULL,NULL,NULL,'2024-05-17 15:32:12','2024-05-17 15:32:12'),(14,'Casolaro ','Marianna',NULL,NULL,'1988-01-08','napoli','female','Carta d\'Identità','CA08221NW','napoli','Di Fusco ','Pasquale','1985-08-30','napoli','male','Patente','NA5867642N','MARANO DI NAPOLI',NULL,NULL,NULL,NULL,NULL,NULL,NULL,NULL,'2024-05-18 15:18:09','2024-05-18 15:22:22'),(15,'SALERNO','ALDO','','','1988-07-15','COSENZA(CS)','male','Carta d\'Identità','CA70608JG','TORANO CASTELLO','','',NULL,'',NULL,'','','','','',NULL,'',NULL,'','','','2024-05-18 16:04:44','2024-05-18 16:04:44'),(16,'CERVINO ','MASSIMO',NULL,NULL,'1974-06-15','CANICATTI(AG)','male','Carta d\'Identità','AX8339282','CANICATTI(AG)','ZUCCHETTO','LAETITIA','1986-04-07','ECHIROLLES','female','Carta d\'Identità','CA89974MJ','CANICATTI(AG)','CERVINO','SALVATORE','2014-01-26','CANICATTI(AG)','male','Carta d\'Identità','CA68448KG','CANICATTI(AG)','2024-05-20 14:44:40','2024-05-20 14:44:40'),(17,'FELICETTA ','LUIGI ',NULL,NULL,'1984-05-09','CATANZARO','male','Carta d\'Identità','CA28609OY','CATANZARO ','PIZZULLI ','CLAUDIO ','1975-09-13','GINOSA ','male','Carta d\'Identità','CA32622KG','GINOSA ',NULL,NULL,NULL,NULL,NULL,NULL,NULL,NULL,'2024-05-20 14:58:03','2024-05-20 14:58:03'),(18,'morabito','Giovanni',NULL,NULL,'1968-01-14','reggio calabria','male','Carta d\'Identità','ca35647ji','REGGIO DI CALABRIA','lauredi ','antonino','1966-01-27','reggio calabria','male','Carta d\'Identità','ca22189he','reggio calabria','messineo','giuseppe','1961-11-14','reggio calabria','male','Carta d\'Identità','av588293','reggio calabria','2024-05-21 16:41:30','2024-05-21 16:41:30'),(19,'pecoraino','fabio','','','1970-08-25','palermo','male','Patente','u12g12899s','palermo','','',NULL,'',NULL,'','','','','',NULL,'',NULL,'','','','2024-05-21 16:49:36','2024-05-21 16:49:36'),(20,'claeys','eugenie',NULL,NULL,'1963-09-13','brugge (belgio)','female','Carta d\'Identità','592121979706','brugge (belgio)','lauwereyns','christiane','1967-12-14','blakenberge','female','Carta d\'Identità','592799125891','blankenberge',NULL,NULL,NULL,NULL,NULL,NULL,NULL,NULL,'2024-05-21 17:31:20','2024-05-21 17:31:20'),(21,'VILLAR ','MARIA ',NULL,NULL,'1962-09-08','SPAGNA','female',NULL,'BIZ188961','SPAGNA','MARTINEZ ',' MARIA ','1957-11-01','SPAGNA','female','Carta d\'Identità','BGF188195','SPAGNA','BERRUEZO ','MARIA ','1961-05-13','SPAGNA','female','Carta d\'Identità','BIL109844','SPAGNA','2024-05-25 15:11:01','2024-05-25 15:11:01'),(22,'ARMAS','LUIS','','','1964-02-18','SPAGNA','male','Carta d\'Identità','BIZ188962','SPAGNA','','',NULL,'',NULL,'','','','','',NULL,'',NULL,'','','','2024-05-25 15:12:31','2024-05-25 15:12:31'),(23,'RIUZ','JULIO','','','1971-06-04','SPAGNA','male','Carta d\'Identità','CGM109786','SPAGNA','BUSTILLO','MANUEL','1965-06-14','SPAGNA','male','Carta d\'Identità','AQK172311','SPAGNA','CRESPO','EDUARDO','1980-05-08','SPAGNA','male','Carta d\'Identità','CHC107093','SPAGNA','2024-05-25 15:44:07','2024-05-25 15:44:07'),(24,'CASTRO','NAIARA','','','1982-01-20','SPAGNA','female','Carta d\'Identità','ASJ111577','SPAGNA','','',NULL,'',NULL,'','','','','',NULL,'',NULL,'','','','2024-05-25 15:44:52','2024-05-25 15:44:52'),(25,'DI SOMMA ','CARMELA',NULL,NULL,'1968-05-21','NAPOLI','female','Carta d\'Identità','CA41116IB','NAPOLI','MIGLIORE','SILVESTRO','1967-01-31','NAPOLI','male','Carta d\'Identità','CA89001IU','NAPOLI',NULL,NULL,NULL,NULL,NULL,NULL,NULL,NULL,'2024-05-25 16:42:13','2024-05-25 16:42:13'),(26,'troncone','giovanni',NULL,NULL,'1964-05-11','napoli','male','Carta d\'Identità','ca41213ru','caivano','falco','concetta','1964-05-30','caivano','female','Carta d\'Identità','ca91141ru','caivano',NULL,NULL,NULL,NULL,NULL,NULL,NULL,NULL,'2024-05-27 14:09:21','2024-05-27 14:09:21'),(27,'ST JEAN','DENISE ',NULL,NULL,'1956-10-01','MASSACHUSETTS. U.S.A.','female','Passaporto','678026541','STATI UNITI','ST JEAN ','PAUL','1955-02-16','RHODE ISLAND U.S.A.','male','Passaporto','546131556','STATI UNITI ',NULL,NULL,NULL,NULL,NULL,NULL,NULL,NULL,'2024-05-28 15:12:28','2024-05-28 15:12:28'),(28,'scaccia','alessia',NULL,NULL,'1976-01-20','roma','female','Carta d\'Identità','CA62069AD','ROMA','PRESTI','AURORA','2014-11-16','ROMA','female','Carta d\'Identità','CA65894IB','ROMA','PRESTI ','PIETRO','1976-12-17','TERNI','male','Carta d\'Identità','AY2612290','TERNI','2024-05-29 14:23:55','2024-05-29 14:23:55'),(29,'PRESTI','MATTEO','','','2012-08-09','ROMA','male','Passaporto','YC0527987','ROMA','','',NULL,'',NULL,'','','','','',NULL,'',NULL,'','','','2024-05-29 14:25:15','2024-05-29 14:25:15'),(30,'hàlek','tomas','','','2006-03-26','repubblica ceca','male','Carta d\'Identità','215759861','repubblica ceca','hruskova','yveta','1977-05-21','repubblica ceca ','female','Carta d\'Identità','213943538','repubblica ceca ','','',NULL,'',NULL,'','','','2024-05-29 14:32:03','2024-05-29 14:32:03'),(31,'MANCUSO','DIEGO','','','1981-01-02','ROMA','male','Patente','U18L83572K','ROMA','TURCHET','ROBERTA','1982-02-09','TERRACINA','female','Carta d\'Identità','AY9084034','FIUMICINO','','',NULL,'',NULL,'','','','2024-05-29 14:47:08','2024-05-29 14:47:08'),(32,'MERCALDO','MATTEO',NULL,NULL,'1974-05-05','VIGNOLA','male','Carta d\'Identità','CA61110ON','VIGNOLA',NULL,NULL,NULL,NULL,NULL,NULL,NULL,NULL,NULL,NULL,NULL,NULL,NULL,NULL,NULL,NULL,'2024-05-29 16:01:58','2024-05-29 16:01:58'),(33,'colosimo','franco',NULL,NULL,'1972-05-10','catanzaro','male','Carta d\'Identità','at6676619','CATANZARO ',NULL,NULL,NULL,NULL,NULL,NULL,NULL,NULL,NULL,NULL,NULL,NULL,NULL,NULL,NULL,NULL,'2024-05-29 18:40:23','2024-05-29 18:40:23'),(34,'cabral','tatiana','','','1990-07-23','belford roxo','female','Carta d\'Identità','ca51414dv','ladispoli','costanzo','luca','1980-10-15','roma','male','Carta d\'Identità','ca71155ds','ladispoli','','',NULL,'',NULL,'','','','2024-05-29 18:45:28','2024-05-29 18:45:28'),(35,'greco ','adolfo',NULL,NULL,'1961-03-25','messina','male','Carta d\'Identità','ca43612rz','messina',NULL,NULL,NULL,NULL,NULL,NULL,NULL,NULL,NULL,NULL,NULL,NULL,NULL,NULL,NULL,NULL,'2024-05-30 19:53:26','2024-05-30 19:53:26'),(36,'adobati','fulvio m',NULL,NULL,'1955-07-21','alzano lombardo','male','Carta d\'Identità','ca11751pq','albano sant\'alessandro','barbetta','maddalena','1961-02-11','seriate','female','Carta d\'Identità','au8298081','albano sant\'alessandro',NULL,NULL,NULL,NULL,NULL,NULL,NULL,NULL,'2024-05-30 19:57:13','2024-05-30 19:57:13'),(37,'liguoro','rosario',NULL,NULL,'1984-02-11','torre del greco','male','Carta d\'Identità','au4169980','borgia','scarfone','maria g.','1983-07-28','catanzaro','female','Carta d\'Identità','ax7995067','borgia ',NULL,NULL,NULL,NULL,NULL,NULL,NULL,NULL,'2024-05-30 20:04:13','2024-05-30 20:04:13'),(38,'Fratoianni','Nicola',NULL,NULL,'1972-10-04','pisa','male','Carta d\'Identità','ca21429bp','foligno',NULL,NULL,NULL,NULL,NULL,NULL,NULL,NULL,NULL,NULL,NULL,NULL,NULL,NULL,NULL,NULL,'2024-05-30 22:16:42','2024-05-30 22:16:42'),(39,'segreto','mario',NULL,NULL,'1966-04-01','altamura','male','Patente','u140m4787p','altamura',NULL,NULL,NULL,NULL,NULL,NULL,NULL,NULL,NULL,NULL,NULL,NULL,NULL,NULL,NULL,NULL,'2024-05-30 22:22:00','2024-05-30 22:22:00'),(40,'rosace','antonino',NULL,NULL,'1956-10-28','reggio calabria','male','Carta d\'Identità','ca64461fm','REGGIO DI CALABRIA',NULL,NULL,NULL,NULL,NULL,NULL,NULL,NULL,NULL,NULL,NULL,NULL,NULL,NULL,NULL,NULL,'2024-05-31 12:44:33','2024-05-31 12:44:33'),(41,'ingoglia','stefano',NULL,NULL,'1968-01-13','ROMA','male','Patente','u1r758148u','roma','catalano','lucia ','1976-04-06','galatina ','female','Carta d\'Identità','ca91032ct','roma',NULL,NULL,NULL,NULL,NULL,NULL,NULL,NULL,'2024-05-31 20:07:32','2024-05-31 20:07:32'),(42,'lonetti','giuseppe',NULL,NULL,'1950-10-07','crotone','male','Carta d\'Identità','av9462427','crotone',NULL,NULL,NULL,NULL,NULL,NULL,NULL,NULL,NULL,NULL,NULL,NULL,NULL,NULL,NULL,NULL,'2024-06-01 14:21:28','2024-06-01 14:21:28'),(44,'valletta','pietro','','','1964-02-10','vallo d. lucania','male','Carta d\'Identità','ca53034rg','moio della civitella','','',NULL,'',NULL,'','','','','',NULL,'',NULL,'','','','2024-06-01 14:35:14','2024-06-01 14:35:14'),(45,'saija','leone',NULL,NULL,'1970-03-10','messina','male','Carta d\'Identità','au8962809','messina',NULL,NULL,NULL,NULL,NULL,NULL,NULL,NULL,NULL,NULL,NULL,NULL,NULL,NULL,NULL,NULL,'2024-06-03 14:04:27','2024-06-03 14:04:27'),(46,'imoberdorf','roland',NULL,NULL,'1959-07-01','svizzera','male','Passaporto','x0g61n89','svizzera',NULL,NULL,NULL,NULL,NULL,NULL,NULL,NULL,NULL,NULL,NULL,NULL,NULL,NULL,NULL,NULL,'2024-06-04 12:56:57','2024-06-04 12:56:57'),(47,'adduono','angelo',NULL,NULL,'1960-02-05','eboli','male','Carta d\'Identità','ca45537ru','eboli',NULL,NULL,NULL,NULL,NULL,NULL,NULL,NULL,NULL,NULL,NULL,NULL,NULL,NULL,NULL,NULL,'2024-06-05 17:22:57','2024-06-05 17:22:57'),(48,'BUA','PIETRO',NULL,NULL,'1988-07-01','ADRANO','male','Carta d\'Identità','CA65989JL','BIANCAVILLA','BUA','SALVATORE','1973-08-23','BIANCAVILLA','male','Patente','U150G2311X','BIANCAVILLA',NULL,NULL,NULL,NULL,NULL,NULL,NULL,NULL,'2024-06-06 18:13:07','2024-06-06 18:13:07'),(49,'dragone','marco g.',NULL,NULL,'1968-10-09','milano','male','Carta d\'Identità','ax1424825','milano',NULL,NULL,NULL,NULL,NULL,NULL,NULL,NULL,NULL,NULL,NULL,NULL,NULL,NULL,NULL,NULL,'2024-06-07 12:46:15','2024-06-07 12:46:15'),(50,'xhaferi','ilirjan',NULL,NULL,'1976-12-15','barikat (alb)','male','Carta d\'Identità','ca16581nu','saint cristophene',NULL,NULL,NULL,NULL,NULL,NULL,NULL,NULL,NULL,NULL,NULL,NULL,NULL,NULL,NULL,NULL,'2024-06-07 13:15:46','2024-06-07 13:15:46'),(51,'ninfa','giuseppe',NULL,NULL,'1957-05-15','catania','male','Carta d\'Identità','ax1452706','milano',NULL,NULL,NULL,NULL,NULL,NULL,NULL,NULL,NULL,NULL,NULL,NULL,NULL,NULL,NULL,NULL,'2024-06-09 15:57:52','2024-06-09 15:57:52'),(52,'balestra','marcello',NULL,NULL,'1966-11-24','cesena','male','Carta d\'Identità','ca33227os','rozzano',NULL,NULL,NULL,NULL,NULL,NULL,NULL,NULL,NULL,NULL,NULL,NULL,NULL,NULL,NULL,NULL,'2024-06-11 14:37:40','2024-06-11 14:37:40'),(53,'lavista','carmine',NULL,NULL,'1986-02-08','cerignola','male','Carta d\'Identità','ca49413jz','cerignola','ditacchio','luciano','1976-09-30','cerignola','male','Patente','u1n504094g','cerignola','burlacu','mihai v','1981-02-05','troianul (rou)','male','Carta d\'Identità','ca66538mn','carignola','2024-06-11 17:12:28','2024-06-11 17:12:28'),(54,'digrandi','gabriele',NULL,NULL,'1997-12-21','ragusa','male','Carta d\'Identità','ca85371aj','ragusa',NULL,NULL,NULL,NULL,NULL,NULL,NULL,NULL,NULL,NULL,NULL,NULL,NULL,NULL,NULL,NULL,'2024-06-12 17:58:36','2024-06-12 17:58:36'),(55,'nocera','saverio',NULL,NULL,'1988-07-12','reggio di  calabria','male','Carta d\'Identità','ca11027ik','REGGIO DI CALABRIA',NULL,NULL,NULL,NULL,NULL,NULL,NULL,NULL,NULL,NULL,NULL,NULL,NULL,NULL,NULL,NULL,'2024-06-12 19:10:26','2024-06-12 19:10:26'),(56,'MALDERA','CATALDO',NULL,NULL,'1971-09-21','BARI','male','Carta d\'Identità','CA24037DN','CORATO','CAPONE','CARMELO','1981-01-01','LECCE','female','Carta d\'Identità','CA17281QW','MONOPOLI',NULL,NULL,NULL,NULL,NULL,NULL,NULL,NULL,'2024-06-12 19:31:52','2024-06-12 19:31:52'),(57,'raineri','carmelo',NULL,NULL,'1965-09-26','catania','male','Carta d\'Identità','ca49548mx','mascalucia','buscema','tommaso','1965-04-24','catania','male','Carta d\'Identità','ca23577ft','gravina di catania',NULL,NULL,NULL,NULL,NULL,NULL,NULL,NULL,'2024-06-14 15:31:19','2024-06-14 15:31:19'),(58,'cervellera','francesco',NULL,NULL,'1964-04-22','martina franca','male','Carta d\'Identità','ca67705dz','martinafranca','mastrovito','annamaria','1970-01-22','sciaffusa','male','Carta d\'Identità','u12f63353p','sciaffusa',NULL,NULL,NULL,NULL,NULL,NULL,NULL,NULL,'2024-06-15 13:46:56','2024-06-15 13:46:56'),(59,'lippolis','giovanni',NULL,NULL,'1959-09-15','ginosa','male','Carta d\'Identità','mmdd64891','ginosa','moretti','annunziata','1963-10-17','ginosa','female','Carta d\'Identità','ca60117kd','GINOSA ',NULL,NULL,NULL,NULL,NULL,NULL,NULL,NULL,'2024-06-15 14:11:19','2024-06-15 14:11:19'),(60,'MASSA','UMBERTO',NULL,NULL,'1997-10-21','CAVA DE TIRRENI(SA)','male','Carta d\'Identità','CA10950LF','CAVA DE TIRRENI','PISCITELLI','FRANCESCA','1999-07-16','CAVA DE TIRRENI (SA)','female','Carta d\'Identità','CA76698MT','CAVA DE TIRRENI','MASSA','GIULIA','2022-09-08','NOCERA INFERIORE','female','Carta d\'Identità','CA59058PW','CAVA DE TIRRENI','2024-06-17 08:06:22','2024-06-17 08:06:22'),(61,'ermini','guglielmo',NULL,NULL,'1984-01-03','ROMA','male','Carta d\'Identità','ca24768rf','parma',NULL,NULL,NULL,NULL,NULL,NULL,NULL,NULL,NULL,NULL,NULL,NULL,NULL,NULL,NULL,NULL,'2024-06-17 15:56:31','2024-06-17 15:56:31'),(62,'tito','gianluigi',NULL,NULL,'1972-11-10','potenza','male','Carta d\'Identità','ca80111nl','potenza',NULL,NULL,NULL,NULL,NULL,NULL,NULL,NULL,NULL,NULL,NULL,NULL,NULL,NULL,NULL,NULL,'2024-06-17 15:57:51','2024-06-17 15:57:51'),(63,'tea','antonio','','','1981-12-15','desenzano ','female','Patente','u18t19654k','desenzano ','','',NULL,'',NULL,'','','','','',NULL,'',NULL,'','','','2024-06-17 16:00:26','2024-06-17 16:00:26'),(64,'boche','clas',NULL,NULL,'1989-09-27','germania','male','Carta d\'Identità','l7zkj5p26','aachen',NULL,NULL,NULL,NULL,NULL,NULL,NULL,NULL,NULL,NULL,NULL,NULL,NULL,NULL,NULL,NULL,'2024-06-18 15:34:20','2024-06-18 15:34:20'),(65,'pastore','giuseppe ',NULL,NULL,'1987-11-14','benevento','male','Carta d\'Identità','ca22067iw','benevento','itro','sabrina','1991-10-24','benevento','female','Patente','u13s84500n','benevento',NULL,NULL,NULL,NULL,NULL,NULL,NULL,NULL,'2024-06-20 12:59:58','2024-06-20 12:59:58'),(66,'butera','valerio',NULL,NULL,'1983-10-05','catania','male','Carta d\'Identità','ca96092gf','riccvione',NULL,NULL,NULL,NULL,NULL,NULL,NULL,NULL,NULL,NULL,NULL,NULL,NULL,NULL,NULL,NULL,'2024-06-24 13:29:37','2024-06-24 13:29:37'),(67,'rossino','angelo',NULL,NULL,'1961-06-07','locri','male','Carta d\'Identità','ca38357bd','locri','leone','teresa','1961-08-02','locri','female','Carta d\'Identità','ca27555dm','san sostene',NULL,NULL,NULL,NULL,NULL,NULL,NULL,NULL,'2024-06-24 13:33:01','2024-06-24 13:33:01'),(68,'defina','giuseppe','','','1976-04-11','tropea','male','Carta d\'Identità','ax0527717','santonofrio','','',NULL,'',NULL,'','','','','',NULL,'',NULL,'','','','2024-06-24 13:35:59','2024-06-24 13:35:59'),(69,'rinieri','simona',NULL,NULL,'1977-09-01','ravenna','female','Carta d\'Identità','ca27985go','ravenna',NULL,NULL,NULL,NULL,NULL,NULL,NULL,NULL,NULL,NULL,NULL,NULL,NULL,NULL,NULL,NULL,'2024-06-24 18:11:33','2024-06-24 18:11:33'),(70,'izzo','giuseppe',NULL,NULL,'1961-10-11','pietraM.','male','Carta d\'Identità','ay88655940','PIETRA M.','alborino','gaetano','1972-01-18','castellammare','male','Patente','u1h008081b','castellammare','mancini','massiMO','1968-07-31','SORA','male','Patente','U1V846765X','SORA','2024-06-24 18:26:30','2024-06-24 18:26:30'),(71,'sconti','edda',NULL,NULL,'1997-08-22','reggio calabria','female','Carta d\'Identità','ca26156ir','REGGIO DI CALABRIA',NULL,NULL,NULL,NULL,NULL,NULL,NULL,NULL,NULL,NULL,NULL,NULL,NULL,NULL,NULL,NULL,'2024-07-02 19:40:41','2024-07-02 19:40:41'),(73,'murano','alex',NULL,NULL,'1986-06-27','cosenza','male','Carta d\'Identità','ca58590fn','luzzi',NULL,NULL,NULL,NULL,NULL,NULL,NULL,NULL,NULL,NULL,NULL,NULL,NULL,NULL,NULL,NULL,'2024-07-06 12:52:54','2024-07-06 12:52:54'),(74,'colli','elisabetta',NULL,NULL,'1957-08-11','ROMA','female','Carta d\'Identità','av1824666','roma',NULL,NULL,NULL,NULL,NULL,NULL,NULL,NULL,NULL,NULL,NULL,NULL,NULL,NULL,NULL,NULL,'2024-07-10 12:12:13','2024-07-10 12:12:13'),(75,'turoni','daniele','','','1995-12-10','reggio calabria','male','Patente','rc5482438k','REGGIO DI CALABRIA','','',NULL,'',NULL,'','','','','',NULL,'',NULL,'','','','2024-07-10 12:15:07','2024-07-10 12:15:07'),(76,'lettieri ','barbara',NULL,NULL,'1982-12-04','ROSSANO','female','Carta d\'Identità','ca57856fi','roma','vulcano','rosaria','1953-08-06','cosenza','female','Carta d\'Identità','ca08907qe','acri',NULL,NULL,NULL,NULL,NULL,NULL,NULL,NULL,'2024-07-10 12:22:01','2024-07-10 12:22:01'),(77,'elia','gaetano ','','','1977-11-21','santa sofia','male','Carta d\'Identità','ay8988347','santa sofiad\'','sposato ','anna','1983-12-30','acri','female','Carta d\'Identità','ax1944226','santa sofia d\'.','elia','desire','2012-01-28','corigliano','female','Carta d\'Identità','ca244763mt','santa sofia','2024-07-10 12:33:49','2024-07-10 12:33:49'),(78,'recchia','antonio',NULL,NULL,'1954-01-19','foggia','male','Carta d\'Identità','ca64453pk','foggia',NULL,NULL,NULL,NULL,NULL,NULL,NULL,NULL,NULL,NULL,NULL,NULL,NULL,NULL,NULL,NULL,'2024-07-10 14:54:11','2024-07-10 14:54:11'),(79,'sorrentino','luca',NULL,NULL,'1989-08-10','bari','male','Carta d\'Identità','ca55374hl','castel bol',NULL,NULL,NULL,NULL,NULL,NULL,NULL,NULL,NULL,NULL,NULL,NULL,NULL,NULL,NULL,NULL,'2024-07-10 16:39:01','2024-07-10 16:39:01'),(80,'marino','anna',NULL,NULL,'1963-04-05','cosenza','female','Carta d\'Identità','ax8835394','cosenza',NULL,NULL,NULL,NULL,NULL,NULL,NULL,NULL,NULL,NULL,NULL,NULL,NULL,NULL,NULL,NULL,'2024-07-10 16:41:28','2024-07-10 16:41:28'),(81,'martinello','ronny',NULL,NULL,'1986-05-10','tortora','male','Carta d\'Identità','ca51739lt','castello di gode.','lunardon','dennis','1972-03-14','bassano d.gr','male','Patente','u1n116883m','bassano d.gr',NULL,NULL,NULL,NULL,NULL,NULL,NULL,NULL,'2024-07-10 17:26:13','2024-07-10 17:26:13'),(82,'BIGLIETTO','RAFFAELE','','','1970-05-08','NAPOLI','male','Patente','U150K2707K','napoli','','',NULL,'',NULL,'','','','','',NULL,'',NULL,'','','','2024-07-10 18:48:08','2024-07-10 18:48:08'),(83,'ritacco','rosario',NULL,NULL,'1959-05-29','bisignano','male','Patente','u162x3027e','bisignano',NULL,NULL,NULL,NULL,NULL,NULL,NULL,NULL,NULL,NULL,NULL,NULL,NULL,NULL,NULL,NULL,'2024-07-11 12:34:05','2024-07-11 12:34:05'),(84,'rizzo','michele',NULL,NULL,'1969-01-05','foggia','male','Carta d\'Identità','ax6147958','csa di stabia',NULL,NULL,NULL,NULL,NULL,NULL,NULL,NULL,NULL,NULL,NULL,NULL,NULL,NULL,NULL,NULL,'2024-07-13 12:48:00','2024-07-13 12:48:00'),(85,'corbo','luca',NULL,NULL,'1994-07-13','napoli','male','Carta d\'Identità','ca48936mh','casoria',NULL,NULL,NULL,NULL,NULL,NULL,NULL,NULL,NULL,NULL,NULL,NULL,NULL,NULL,NULL,NULL,'2024-07-13 16:52:10','2024-07-13 16:52:10'),(86,'granata','pasquale','','','1985-06-17','napoli','male','Carta d\'Identità','ca71658by','giuglianod.camp.','','',NULL,'',NULL,'','','','','',NULL,'',NULL,'','','','2024-07-13 18:02:47','2024-07-13 18:02:47'),(87,'li castri','samantha',NULL,NULL,'1972-05-04','palermo','female','Patente','u196b8382n','palermo','licastri','francesco ','1945-05-07','palermo','male','Patente','07/05/1945','palermo','manitta','rosanna','1952-11-06','palermo','female','Patente','u161d5413e','palermo','2024-07-14 15:39:03','2024-07-14 15:39:03'),(88,'Murray','Darryl','85','gyjurot@mailinator.com',NULL,NULL,NULL,NULL,NULL,NULL,NULL,NULL,NULL,NULL,NULL,NULL,NULL,NULL,NULL,NULL,NULL,NULL,NULL,NULL,NULL,NULL,'2024-07-15 18:16:31','2024-07-15 18:16:31'),(89,'todaro','luigi',NULL,NULL,'1982-01-22','catania','male','Carta d\'Identità','ca08359nq','perugia','todaro','daniele','2018-01-01','PERUGIA','male','Carta d\'Identità','CA29292LQ','PERUGIA','STEFANINI','VALERIA','1985-11-11','PERUGIA','female','Carta d\'Identità','4352331AA','PERUGIA','2024-07-16 14:16:48','2024-07-16 14:16:48'),(90,'DE MARCO','MARTINA','','','2001-10-23','ALESSANDRIA','female','Carta d\'Identità','CA02582KU','CASTEL.ZZ BORMI.','GRECO','ILENIA','1996-06-23','ALESSANDRIA','female','Carta d\'Identità','CA19765BW','ALESSANDRIA','L\'ABATE','BEATRICE','1999-08-23','NOVI LIGURE','female','Carta d\'Identità','AY6590921','FRESONARA (AL.)','2024-07-16 14:21:18','2024-07-16 14:21:18'),(91,'TROIA','LUIGI ','','','1963-01-30','NAPOLI','male','Patente','U161V1183N','napoli','','',NULL,'',NULL,'','','','','',NULL,'',NULL,'','','','2024-07-16 14:50:39','2024-07-16 14:50:39'),(92,'BIANCO','SILVANA','','','1976-02-28','ARGENTINA','female','Carta d\'Identità','003731257577017','argentina','LA FUENTE','RAMIRO','1978-05-07','argentina','male','Carta d\'Identità','001156621737017','ARGENTINA','LA FUENTE','LAUTARO','2010-05-03','ARGENTINA','male','Carta d\'Identità','003732075597017','ARGENTINA','2024-07-16 14:58:03','2024-07-16 14:58:03'),(93,'brancati','massimo',NULL,NULL,'1965-08-16','taranto','male','Patente','u1f436318b','taranto','bevilacqua','maria raff','1966-01-12','baragiano','female','Carta d\'Identità','ca27577ff','battipaglia',NULL,NULL,NULL,NULL,NULL,NULL,NULL,NULL,'2024-07-17 10:16:47','2024-07-17 10:16:47'),(94,'musico\'','marco',NULL,NULL,'1969-12-18','palermo','male','Carta d\'Identità','ca52447pd','palermo',NULL,NULL,NULL,NULL,NULL,NULL,NULL,NULL,NULL,NULL,NULL,NULL,NULL,NULL,NULL,NULL,'2024-07-17 14:19:41','2024-07-17 14:19:41'),(95,'spataro','immacolata',NULL,NULL,'1950-10-02','corigliano c.','female','Carta d\'Identità','ay4799141','cavenago d. bri.',NULL,NULL,NULL,NULL,NULL,NULL,NULL,NULL,NULL,NULL,NULL,NULL,NULL,NULL,NULL,NULL,'2024-07-18 13:26:11','2024-07-18 13:26:11'),(96,'lomonaco','giuseppe',NULL,NULL,'1948-05-05','torre s susa','male','Carta d\'Identità','ca51177au','vecchiano','sautea','geogeta','1981-09-05','satu mare','female','Carta d\'Identità','ca51663rr','vecchiano',NULL,NULL,NULL,NULL,NULL,NULL,NULL,NULL,'2024-07-18 15:08:01','2024-07-18 15:08:01'),(97,'valentino','giancarlo',NULL,NULL,'1982-11-23','acerra','other','Carta d\'Identità','ca89429ki','casoria','paone','maia','1983-10-22','napoli','female','Carta d\'Identità','CA45435NB','CASORIA','VALENTINO','GIUSEPPE','2008-10-31','NAPOLI','male','Carta d\'Identità','CA08549MN','CASORIA','2024-07-19 13:42:41','2024-07-19 13:42:41'),(98,'ciardullo','francesco ',NULL,NULL,'1971-03-22','cosenza','male','Patente','u18x43702j','cosenza','messina','moni','1974-07-28','cerisano','female','Carta d\'Identità','as9409554','cerisano',NULL,NULL,NULL,NULL,NULL,NULL,NULL,NULL,'2024-07-20 13:01:12','2024-07-20 13:01:12'),(99,'longobardi','rosa mar.',NULL,NULL,'1995-06-27','germania','female','Carta d\'Identità','ca47423rp','francoforte',NULL,NULL,NULL,NULL,NULL,NULL,NULL,NULL,NULL,NULL,NULL,NULL,NULL,NULL,NULL,NULL,'2024-07-20 19:26:17','2024-07-20 19:26:17'),(100,'portaluri','piero',NULL,NULL,'1975-12-03','gallipoli','male','Carta d\'Identità','ca61054qp','sAN LORFENZO DEL V',NULL,NULL,NULL,NULL,NULL,NULL,NULL,NULL,NULL,NULL,NULL,NULL,NULL,NULL,NULL,NULL,'2024-07-21 12:19:52','2024-07-21 12:19:52'),(101,'ARMAO','ATTILIO',NULL,NULL,'1954-05-12','PALERMO','male','Carta d\'Identità','CA19468LP','PALERMO','RAUSA','MARIA ','1958-11-22','22/11/1958','female','Carta d\'Identità','CA70396NF','PALERMO',NULL,NULL,NULL,NULL,NULL,NULL,NULL,NULL,'2024-07-21 14:00:18','2024-07-21 14:00:18'),(102,'cipolla','giada',NULL,NULL,'2006-01-18','castrovillari','female','Carta d\'Identità','ca56597nq','s m. argentano','cipolla','franca','1971-02-23','s m argentano','female','Carta d\'Identità','ca23560as','s m argentano',NULL,NULL,NULL,NULL,NULL,NULL,NULL,NULL,'2024-07-22 14:23:11','2024-07-22 14:23:11'),(103,'curcio','mario',NULL,NULL,'1951-09-14','luzzi','male','Carta d\'Identità','ca94599ss','francoforte','curcio','francesco','1980-12-05','russelsheim','male','Carta d\'Identità','ca73716sp','francoforte ',NULL,NULL,NULL,NULL,NULL,NULL,NULL,NULL,'2024-07-23 14:12:36','2024-07-23 14:12:36'),(104,'fallacara','nicoletta',NULL,NULL,'1961-07-24','bitonto','female','Carta d\'Identità','CA57837MO','taranto',NULL,NULL,NULL,NULL,NULL,NULL,NULL,NULL,NULL,NULL,NULL,NULL,NULL,NULL,NULL,NULL,'2024-07-24 12:25:40','2024-07-24 12:25:40'),(105,'morozov','oleksandr',NULL,NULL,'2003-06-12','ucraina','male','Carta d\'Identità','ca69688lx','baiano',NULL,NULL,NULL,NULL,NULL,NULL,NULL,NULL,NULL,NULL,NULL,NULL,NULL,NULL,NULL,NULL,'2024-07-25 13:25:46','2024-07-25 13:25:46'),(106,'cassano','domenica',NULL,NULL,'1970-05-25','bari','female','Carta d\'Identità','ca03943sp','valenzano','di leo','maddalena','1978-07-23','bari','female','Patente','u17n50937s','bari',NULL,NULL,NULL,NULL,NULL,NULL,NULL,NULL,'2024-07-26 16:30:51','2024-07-26 16:30:51'),(107,'toscano','gerardo',NULL,NULL,'1974-01-28','cosenza','male','Carta d\'Identità','ca54070ob','rende','vite','marianna','1984-07-07','cosenza','female','Carta d\'Identità','ca67777sx','rende',NULL,NULL,NULL,NULL,NULL,NULL,NULL,NULL,'2024-07-27 15:00:01','2024-07-27 15:00:01'),(108,'fioravante','ivan david',NULL,NULL,'1989-09-19','corigliano c.','male','Carta d\'Identità','ca59798qj','francoforte ',NULL,NULL,NULL,NULL,NULL,NULL,NULL,NULL,NULL,NULL,NULL,NULL,NULL,NULL,NULL,NULL,'2024-07-29 14:06:09','2024-07-29 14:06:09'),(109,'gioia','luca',NULL,NULL,'1988-09-23','maratea','male','Carta d\'Identità','ca63548op','cast superiore',NULL,NULL,NULL,NULL,NULL,NULL,NULL,NULL,NULL,NULL,NULL,NULL,NULL,NULL,NULL,NULL,'2024-07-29 15:47:47','2024-07-29 15:47:47'),(110,'paonessa','chiara',NULL,NULL,'2004-10-02','milano','female','Carta d\'Identità','ca06224ia','limbiate',NULL,NULL,NULL,NULL,NULL,NULL,NULL,NULL,NULL,NULL,NULL,NULL,NULL,NULL,NULL,NULL,'2024-07-29 19:41:39','2024-07-29 19:41:39'),(111,'Couturier','GregoryS',NULL,NULL,'1983-07-19','Francia','male','Passaporto','23AK12300','Francia','ZARROUATI','CELINE','1972-05-28','FRANCIA','female','Carta d\'Identità','200906256349','FRANCIA',NULL,NULL,NULL,NULL,NULL,NULL,NULL,NULL,'2024-07-30 10:34:02','2024-07-30 10:34:02'),(112,'dascola','giorgio',NULL,NULL,'1963-05-09','reggio calabria','male','Carta d\'Identità','ca21920jv','REGGIO DI CALABRIA','barlla\'','antonio','1989-12-15','reggio calabria','male','Carta d\'Identità','ca48414ir','campo calabro','maccarrone','antonino','1973-02-05','reggio calabria','male','Carta d\'Identità','ca34572lq','reggio calabria ','2024-07-30 14:30:55','2024-07-30 14:30:55'),(113,'ruccella','pasquale',NULL,NULL,'1981-09-28','carmagnola','male','Carta d\'Identità','ca05183fp','carmagnola',NULL,NULL,NULL,NULL,NULL,NULL,NULL,NULL,NULL,NULL,NULL,NULL,NULL,NULL,NULL,NULL,'2024-07-30 16:57:03','2024-07-30 16:57:03'),(114,'ritacco','umile',NULL,NULL,'1955-09-18','bisignano','male','Carta d\'Identità','ca89664qf','bisignano','siciliano','elisa ','1957-03-02','bisignano','female','Carta d\'Identità','ca00942rq','bisignano',NULL,NULL,NULL,NULL,NULL,NULL,NULL,NULL,'2024-07-31 14:18:52','2024-07-31 14:18:52'),(115,'coppola','matteo','','','2000-09-02','firenze','male','Carta d\'Identità','ca12281cr','campi bis','moskovo','kateryna','2003-02-13','UCRAINA','female','Carta d\'Identità','CA31749ID','CALENZANO','','',NULL,'',NULL,'','','','2024-07-31 14:26:11','2024-07-31 14:26:11'),(116,'godino','teodolina',NULL,NULL,'1975-03-21','torino','female','Carta d\'Identità','ax3364315','susa','pognant','claudia m','2007-07-04','susa','female','Carta d\'Identità','ca05956ge','susa to ',NULL,NULL,NULL,NULL,NULL,NULL,NULL,NULL,'2024-07-31 16:58:57','2024-07-31 16:58:57'),(117,'visconti','roberto',NULL,'','1963-06-20','lecco','male','Carta d\'Identità','ca29099gr','lecco','fortino','elvira','1964-05-08','lecco','female',NULL,'ca19184lk','lecco',NULL,NULL,NULL,NULL,NULL,NULL,NULL,NULL,'2024-08-02 17:12:01','2024-08-02 17:12:01'),(118,'grimaldi','gaetano','','','1952-06-08','altamura','male','Carta d\'Identità','ca50143pf','altmura','spierto','stella','1956-03-07','altamura','female','Carta d\'Identità','ca08640og','altamura','','',NULL,'',NULL,'','','','2024-08-02 17:29:49','2024-08-02 17:29:49'),(119,'baran','marin',NULL,NULL,'1987-12-13','craiova','male','Carta d\'Identità','ca20945mh','riano','baran','stefan','1980-10-03','craiova','male','Carta d\'Identità','1850107160099','craiova','baltaretu','ion remus','1996-11-03','troianul (rou)','male',NULL,'j31006g5s42','russia','2024-08-02 19:14:49','2024-08-02 19:14:49'),(120,'barresi','domenico',NULL,NULL,'1962-12-07','reggio calabria','male','Carta d\'Identità','ca26601lh','villa s g.',NULL,NULL,NULL,NULL,NULL,NULL,NULL,NULL,NULL,NULL,NULL,NULL,NULL,NULL,NULL,NULL,'2024-08-03 14:07:17','2024-08-03 14:07:17'),(121,'spadaccino','francesco','','','1973-08-25','cosenza','male','Carta d\'Identità','ca49042sk','marano m.','','',NULL,'',NULL,'','','','','',NULL,'',NULL,'','','','2024-08-03 14:11:55','2024-08-03 14:11:55'),(122,'pietrella','mauro','','','1976-08-17','roma','male','Carta d\'Identità','ca49776af','fiumicino','mattioli','fabio','1968-01-26','roma','male','Carta d\'Identità','ca95557fh','fiumicino','','',NULL,'',NULL,'','','','2024-08-03 14:42:33','2024-08-03 14:42:33'),(123,'caccicarro','nicola',NULL,NULL,'1971-01-31','canada','male','Passaporto','ad529613','canada','baccari','anna','1971-12-21','canada','female','Passaporto','hc142393','canada',NULL,NULL,NULL,NULL,NULL,NULL,NULL,NULL,'2024-08-03 16:39:40','2024-08-03 16:39:40'),(124,'bruni ','domenico',NULL,NULL,'1962-02-28','napoli','male','Patente','u17y47675n','napoli','rettore','stefania','1977-07-21','maddaloni','female','Carta d\'Identità','ca57031bg','casagiove',NULL,NULL,NULL,NULL,NULL,NULL,NULL,NULL,'2024-08-06 14:49:56','2024-08-06 14:49:56'),(125,'maraccoli','pietro',NULL,NULL,'1974-07-05','altamura','male','Carta d\'Identità','ca74454ly','altamura',NULL,NULL,NULL,NULL,NULL,NULL,NULL,NULL,NULL,NULL,NULL,NULL,NULL,NULL,NULL,NULL,'2024-08-06 15:03:32','2024-08-06 15:03:32'),(126,'tresciuba','halfalla',NULL,NULL,'1974-07-02','ROMA','male','Carta d\'Identità','u150w0702g','roma',NULL,NULL,NULL,NULL,NULL,NULL,NULL,NULL,NULL,NULL,NULL,NULL,NULL,NULL,NULL,NULL,'2024-08-06 15:04:57','2024-08-06 15:04:57'),(127,'aiello','andrea',NULL,NULL,'1968-05-13','cosenza','male','Carta d\'Identità','ca78936gn','cosenza',NULL,NULL,NULL,NULL,NULL,NULL,NULL,NULL,NULL,NULL,NULL,NULL,NULL,NULL,NULL,NULL,'2024-08-06 15:11:18','2024-08-06 15:11:18'),(128,'petrassi','rita',NULL,NULL,'1985-10-09','carmagnola','female','Carta d\'Identità','ca370043fx','carmagnola',NULL,NULL,NULL,NULL,NULL,NULL,NULL,NULL,NULL,NULL,NULL,NULL,NULL,NULL,NULL,NULL,'2024-08-07 17:16:53','2024-08-07 17:16:53'),(129,'tarallo','antonio',NULL,NULL,'1972-08-19','napoli','male','Carta d\'Identità','3935434aa','naPOLI','TARALLO ',' ANNA','2007-07-04','NAPOLI','male','Carta d\'Identità','CA23472NF','NAPOLI','CANONICO','PASQUALE','1944-01-22','NAPOLI','male','Carta d\'Identità','CA99743NE','NAPOLI','2024-08-10 12:15:13','2024-08-10 12:15:13'),(130,'AURIOSO','ROSA','','','1974-09-08','NAPOLI','female','Carta d\'Identità','CA38979EG','NAPOLI','','',NULL,'',NULL,'','','','','',NULL,'',NULL,'','','','2024-08-10 12:17:57','2024-08-10 12:17:57'),(131,'russo','vincenzo',NULL,NULL,'1984-07-15','napoli','male','Carta d\'Identità','ca46446px','frattaminore',NULL,NULL,NULL,NULL,NULL,NULL,NULL,NULL,NULL,NULL,NULL,NULL,NULL,NULL,NULL,NULL,'2024-08-11 12:59:27','2024-08-11 12:59:27'),(132,'gaudino','massimo',NULL,NULL,'1990-06-12','napoli','male','Patente','u18l61294p','napoli','galizia','patrizia','2010-03-03','napoli','female','Carta d\'Identità','ca37531mm','napoli','d\'avino','ilaria','1985-11-16','napoli','female','Carta d\'Identità','ca17010ka','napoli','2024-08-11 22:02:06','2024-08-11 22:02:06'),(133,'gaudino ','nunziA','','','2021-01-04','NAPOLI','female','','','','','',NULL,'',NULL,'','','','','',NULL,'',NULL,'','','','2024-08-11 22:03:23','2024-08-11 22:03:23'),(134,'miscisci','silvio',NULL,NULL,'1986-01-28','cosenza','male','Passaporto','ya9756397','cosenza','luzzi','martina','1991-09-26','cosenza','female','Passaporto','ya9756272','cosenza',NULL,NULL,NULL,NULL,NULL,NULL,NULL,NULL,'2024-08-17 17:34:34','2024-08-17 17:34:34'),(135,'Aiello','Ilaria',NULL,NULL,NULL,NULL,NULL,NULL,NULL,NULL,NULL,NULL,NULL,NULL,NULL,NULL,NULL,NULL,NULL,NULL,NULL,NULL,NULL,NULL,NULL,NULL,'2024-08-19 16:47:28','2024-08-19 16:47:28'),(136,'colasante','diego',NULL,NULL,'1976-01-10','fidenza','male','Carta d\'Identità','ca35715jg','san cipriano p.','di giacomo','carmela','1979-03-17','salerno','female','Carta d\'Identità','ca94244ib','san mango pie',NULL,NULL,NULL,NULL,NULL,NULL,NULL,NULL,'2024-08-21 12:38:36','2024-08-21 12:38:36'),(137,'perrella','carmine',NULL,NULL,'1976-03-25','napoli','male','Carta d\'Identità','ca26441na','napoli',NULL,NULL,NULL,NULL,NULL,NULL,NULL,NULL,NULL,NULL,NULL,NULL,NULL,NULL,NULL,NULL,'2024-08-21 12:46:20','2024-08-21 12:46:20'),(138,'de filippo','eugenie','','','1982-07-21','nocera inf','female','Carta d\'Identità','au5739994','san marzano','','',NULL,'',NULL,'','','','','',NULL,'',NULL,'','','','2024-08-21 12:57:44','2024-08-21 12:57:44'),(139,'capuano','luigi','','','1986-07-26','s. giuseppe ves','male','Carta d\'Identità','ca13353hj','s. vesuviana','','',NULL,'',NULL,'','','','','',NULL,'',NULL,'','','','2024-08-21 12:59:31','2024-08-21 12:59:31'),(140,'parisi','giuseppe',NULL,NULL,'1968-12-31','erba','male','Carta d\'Identità','ca11328ed','catania','fogliano','antonella ','1971-04-12','catania','female','Carta d\'Identità','ca61045lv','catania',NULL,NULL,NULL,NULL,NULL,NULL,NULL,NULL,'2024-08-23 12:41:20','2024-08-23 12:41:20'),(141,'danile','giuseppe',NULL,NULL,'1974-11-28','agrigento','male','Carta d\'Identità','ax8344287','porto empedocle',NULL,NULL,NULL,NULL,NULL,NULL,NULL,NULL,NULL,NULL,NULL,NULL,NULL,NULL,NULL,NULL,'2024-08-24 22:57:50','2024-08-24 22:57:50'),(142,'carbone','giovanni',NULL,NULL,'1969-03-24','bagnara c','male','Carta d\'Identità','ca08859pv','REGGIO DI CALABRIA',NULL,NULL,NULL,NULL,NULL,NULL,NULL,NULL,NULL,NULL,NULL,NULL,NULL,NULL,NULL,NULL,'2024-08-26 18:13:56','2024-08-26 18:13:56'),(143,'savaglia','maria',NULL,NULL,'1989-05-13','cosenza','female','Carta d\'Identità','ca20476kb','bisignano','rose','maria r','1989-08-05','cosenza','female','Carta d\'Identità','ca27579eq','bisignano',NULL,NULL,NULL,NULL,NULL,NULL,NULL,NULL,'2024-08-27 12:41:34','2024-08-27 12:41:34'),(144,'la delfa','sofia',NULL,NULL,'2005-03-02','cosenza','female','Carta d\'Identità','az1212646','piane crati','marino','sara','2004-07-15','cosenza','female','Patente','cs5564667n','cosenza','moltalto ','martina','2002-09-06','cosenza','female','Carta d\'Identità','ca64061hd','luzzi','2024-08-28 13:51:32','2024-08-28 13:51:32'),(145,'iapichino','luigi','','','2006-09-19','castrovillari','male','Carta d\'Identità','ca76710rb','s marco arge.','','',NULL,'',NULL,'','','','','',NULL,'',NULL,'','','','2024-08-28 13:52:32','2024-08-28 13:52:32'),(146,'pisani','letizia',NULL,NULL,'1982-08-11','milano','female','Carta d\'Identità','ca50874cd','lissone',NULL,NULL,NULL,NULL,NULL,NULL,NULL,NULL,NULL,NULL,NULL,NULL,NULL,NULL,NULL,NULL,'2024-08-28 14:37:36','2024-08-28 14:37:36'),(147,'riotto','simona',NULL,NULL,'1977-10-11','taurianova','female','Carta d\'Identità','ca84661dm','s giorgio mo','melissari','vincenzo','1977-06-07','taurianova','male','Carta d\'Identità','ca73264mm','palmi',NULL,NULL,NULL,NULL,NULL,NULL,NULL,NULL,'2024-08-30 14:18:30','2024-08-30 14:18:30'),(148,'primerano','francesco',NULL,NULL,'1977-12-28','rosarno','male','Carta d\'Identità','ca02597jr','rosarno','leonardi','maria a.','1982-05-26','polistena','female','Carta d\'Identità','ca48240bh','rosarno',NULL,NULL,NULL,NULL,NULL,NULL,NULL,NULL,'2024-08-30 16:15:15','2024-08-30 16:15:15'),(149,'napolitano','maurizio',NULL,NULL,'1978-03-20','napoli','male','Carta d\'Identità','ca76671er','casoria',NULL,NULL,NULL,NULL,NULL,NULL,NULL,NULL,NULL,NULL,NULL,NULL,NULL,NULL,NULL,NULL,'2024-08-31 19:56:55','2024-08-31 19:56:55'),(150,'luzzi ','francesco',NULL,NULL,'1943-02-20','acri','male','Carta d\'Identità','ca22278av','acri',NULL,NULL,NULL,NULL,NULL,NULL,NULL,NULL,NULL,NULL,NULL,NULL,NULL,NULL,NULL,NULL,'2024-09-02 13:13:21','2024-09-02 13:13:21'),(151,'perretta','fabio','','','1980-05-09','ceranova','male','Carta d\'Identità','ay7703580','ceravona','','',NULL,'',NULL,'','','','','',NULL,'',NULL,'','','','2024-09-02 13:14:45','2024-09-02 13:14:45'),(152,'bansaglini','luca','','','1970-04-07','camaiore','male','Carta d\'Identità','au9292217','lucca','barsaglini','beatrice','2009-06-29','firenze','female','Carta d\'Identità','ca24117gk','lucca','','',NULL,'',NULL,'','','','2024-09-02 13:23:31','2024-09-02 13:23:31'),(153,'vanzo','antonio',NULL,NULL,'1981-12-24','brescia','male','Carta d\'Identità','ca62221ns','sabbio c.','fenoli','alessio','1977-10-31','brescia','male','Carta d\'Identità','ca07171qa','castiglione d.s','cobelli','yuri','1978-09-24','desenzano','male','Patente','u148e4075n','desenzano','2024-09-02 19:09:29','2024-09-02 19:09:29'),(154,'killeen','robert',NULL,NULL,'0986-11-03','dublino','male','Passaporto','pi1785639','irlande',NULL,NULL,NULL,NULL,NULL,NULL,NULL,NULL,NULL,NULL,NULL,NULL,NULL,NULL,NULL,NULL,'2024-09-03 12:20:58','2024-09-03 12:20:58'),(155,'exposito','lucia',NULL,NULL,'1995-07-11','hagen','female','Passaporto','crpk4ymj9','hagen',NULL,NULL,NULL,NULL,NULL,NULL,NULL,NULL,NULL,NULL,NULL,NULL,NULL,NULL,NULL,NULL,'2024-09-04 13:55:35','2024-09-04 13:55:35'),(156,'di paolo','daniele',NULL,NULL,'1992-12-04','prato','male','Carta d\'Identità','ca57760bn','prato','rogai','martina','1992-10-07',NULL,NULL,NULL,NULL,NULL,NULL,NULL,NULL,NULL,NULL,NULL,NULL,NULL,'2024-09-05 16:46:59','2024-09-05 16:46:59'),(157,'rogai','martina',NULL,NULL,'1992-10-07','bagno a ri','female','Carta d\'Identità','ca58486es','poggio a c.',NULL,NULL,NULL,NULL,NULL,NULL,NULL,NULL,NULL,NULL,NULL,NULL,NULL,NULL,NULL,NULL,'2024-09-05 16:55:16','2024-09-05 16:55:16'),(158,'balestri','francesca','','','1977-08-02','pisa','female','Carta d\'Identità','ca62995cb','carmignano','','',NULL,'',NULL,'','','','','',NULL,'',NULL,'','','','2024-09-05 16:56:49','2024-09-05 16:56:49'),(159,'scandovi','ginevra','','','1997-07-30','poggibonsi','female','Carta d\'Identità','ca26973df','poggio a c.','','',NULL,'',NULL,'','','','','',NULL,'',NULL,'','','','2024-09-05 16:58:35','2024-09-05 16:58:35'),(160,'fargione','giuseppe',NULL,NULL,'1963-06-19','palazzolo','male','Carta d\'Identità','ca32665at','palazzolo acre.',NULL,NULL,NULL,NULL,NULL,NULL,NULL,NULL,NULL,NULL,NULL,NULL,NULL,NULL,NULL,NULL,'2024-09-07 17:52:54','2024-09-07 17:52:54'),(161,'premoli','alessandro',NULL,NULL,'1992-07-20','romano d.l ','male','Carta d\'Identità','ca98548mh','fornovo s. gv',NULL,NULL,NULL,NULL,NULL,NULL,NULL,NULL,NULL,NULL,NULL,NULL,NULL,NULL,NULL,NULL,'2024-09-09 14:57:45','2024-09-09 14:57:45'),(162,'romano','michele',NULL,NULL,'1985-10-30','potenza','male','Carta d\'Identità','ca65393as','potenza','trillo','giuseppina','1986-04-04','potenza','female','Patente','u15w25032b','potenza',NULL,NULL,NULL,NULL,NULL,NULL,NULL,NULL,'2024-09-14 14:18:03','2024-09-14 14:18:03'),(163,'taranto','pietro',NULL,NULL,'1993-04-24','cosenza','male','Patente','u165d0944n','cosenza',NULL,NULL,NULL,NULL,NULL,NULL,NULL,NULL,NULL,NULL,NULL,NULL,NULL,NULL,NULL,NULL,'2024-09-14 14:24:07','2024-09-14 14:24:07'),(164,'olivieri','giuseppe',NULL,NULL,'1946-09-25','corato','male','Carta d\'Identità','ca56661fi','venezia','spelta','rosanna','1954-05-08','serravalle','female','Carta d\'Identità','av4400908','ostiglia',NULL,NULL,NULL,NULL,NULL,NULL,NULL,NULL,'2024-09-14 16:30:18','2024-09-14 16:30:18'),(165,'Laurent','MoorMesse',NULL,NULL,'1959-12-30','Svizzera','male','Carta d\'Identità','K0S08Y44','SVIZZERA','AGATHE','MOOR','1961-09-17','SVIZZERA','female','Carta d\'Identità','K0H337F11','SVIZZERA',NULL,NULL,NULL,NULL,NULL,NULL,NULL,NULL,'2024-10-19 10:44:37','2024-10-19 10:44:37'),(166,'palmieri','domenico',NULL,NULL,'1971-10-31','poggiomarino','male','Carta d\'Identità','ca79186he','poggiomarino',NULL,NULL,NULL,NULL,NULL,NULL,NULL,NULL,NULL,NULL,NULL,NULL,NULL,NULL,NULL,NULL,'2024-10-23 19:07:31','2024-10-23 19:07:31'),(167,'Trotta','Biagio',NULL,NULL,NULL,NULL,NULL,NULL,NULL,NULL,NULL,NULL,NULL,NULL,NULL,NULL,NULL,NULL,NULL,NULL,NULL,NULL,NULL,NULL,NULL,NULL,'2024-12-04 14:47:04','2024-12-04 14:47:04'),(168,'pittino','m,aurizio',NULL,NULL,NULL,NULL,NULL,NULL,NULL,NULL,NULL,NULL,NULL,NULL,NULL,NULL,NULL,NULL,NULL,NULL,NULL,NULL,NULL,NULL,NULL,NULL,'2025-04-16 16:39:03','2025-04-16 16:39:03'),(169,'pittino','maurizio ','','','1988-05-28','starnberg','male','Carta d\'Identità','yb4361999','starnberg','','',NULL,'',NULL,'','','','','',NULL,'',NULL,'','','','2025-04-16 16:41:24','2025-04-16 16:41:24'),(170,'vasienti','alessio','','','1987-04-14','bari','male','Carta d\'Identità','ca61735ly','bari','','',NULL,'',NULL,'','','','','',NULL,'',NULL,'','','','2025-04-16 16:45:05','2025-04-16 16:45:05'),(171,'KAPLAN','NUH',NULL,NULL,'1973-06-10','DUISBURG','male','Carta d\'Identità','L6X8W3L9G','GERMANIA',NULL,NULL,NULL,NULL,NULL,NULL,NULL,NULL,NULL,NULL,NULL,NULL,NULL,NULL,NULL,NULL,'2025-04-17 12:23:06','2025-04-17 12:23:06'),(172,'siciliani','isabella',NULL,NULL,'1975-04-12','bari','female','Carta d\'Identità','ca29925ec','triggiano','santeramo','matteo','2006-09-14','bari','male','Carta d\'Identità','ca88543hv','triggiano','santeramo','martina','2009-09-21','bari','female','Carta d\'Identità','ca15841jk','triggiano','2025-04-19 16:34:38','2025-04-19 16:34:38'),(174,'nappini','marco',NULL,NULL,'1969-06-21','roma','male','Passaporto','yc3510950','ROMA',NULL,NULL,NULL,NULL,NULL,NULL,NULL,NULL,NULL,NULL,NULL,NULL,NULL,NULL,NULL,NULL,'2025-04-29 17:19:31','2025-04-29 17:19:31'),(175,'longo','marco',NULL,NULL,'1995-05-18','broni','male','Patente','al5250420k','broni',NULL,NULL,NULL,NULL,NULL,NULL,NULL,NULL,NULL,NULL,NULL,NULL,NULL,NULL,NULL,NULL,'2025-05-07 15:22:19','2025-05-07 15:22:19'),(176,'SAVOCA','PATRIZIA',NULL,NULL,'1966-02-05','PALERMO','female','Carta d\'Identità','AX2713027','PALERMO',NULL,NULL,NULL,NULL,NULL,NULL,NULL,NULL,NULL,NULL,NULL,NULL,NULL,NULL,NULL,NULL,'2025-05-10 16:04:59','2025-05-10 16:04:59'),(177,'cavallaro','giovanni',NULL,NULL,'1966-10-12','paterno\'','male','Carta d\'Identità','ca70210kb','paterno\'','capizzi','amedeo','1991-03-20','bronte','male','Carta d\'Identità','ca81926ko','bronte',NULL,NULL,NULL,NULL,NULL,NULL,NULL,NULL,'2025-05-12 16:01:06','2025-05-12 16:01:06'),(178,'di prete','antonio','','','1957-07-28','roma','male','Carta d\'Identità','ca05453bb','ladispoli','','',NULL,'',NULL,'','','','','',NULL,'',NULL,'','','','2025-05-12 16:03:00','2025-05-12 16:03:00'),(179,'coscia','fabrizio',NULL,NULL,'1994-02-05','ROMA','male','Carta d\'Identità','ca17137qk',NULL,'falasca','andrea','1979-04-11','frascati','male','Carta d\'Identità','ca64248cv','roma','romano','sergio','1970-07-06','campobasso','male','Carta d\'Identità','ca07549pk','campobasso','2025-05-14 16:14:09','2025-05-14 16:14:09');
/*!40000 ALTER TABLE `clients` ENABLE KEYS */;
UNLOCK TABLES;

--
-- Table structure for table `failed_jobs`
--

DROP TABLE IF EXISTS `failed_jobs`;
/*!40101 SET @saved_cs_client     = @@character_set_client */;
/*!50503 SET character_set_client = utf8mb4 */;
CREATE TABLE `failed_jobs` (
  `id` bigint unsigned NOT NULL AUTO_INCREMENT,
  `uuid` varchar(255) COLLATE utf8mb4_unicode_ci NOT NULL,
  `connection` text COLLATE utf8mb4_unicode_ci NOT NULL,
  `queue` text COLLATE utf8mb4_unicode_ci NOT NULL,
  `payload` longtext COLLATE utf8mb4_unicode_ci NOT NULL,
  `exception` longtext COLLATE utf8mb4_unicode_ci NOT NULL,
  `failed_at` timestamp NOT NULL DEFAULT CURRENT_TIMESTAMP,
  PRIMARY KEY (`id`),
  UNIQUE KEY `failed_jobs_uuid_unique` (`uuid`)
) ENGINE=InnoDB DEFAULT CHARSET=utf8mb4 COLLATE=utf8mb4_unicode_ci;
/*!40101 SET character_set_client = @saved_cs_client */;

--
-- Dumping data for table `failed_jobs`
--

LOCK TABLES `failed_jobs` WRITE;
/*!40000 ALTER TABLE `failed_jobs` DISABLE KEYS */;
/*!40000 ALTER TABLE `failed_jobs` ENABLE KEYS */;
UNLOCK TABLES;

--
-- Table structure for table `migrations`
--

DROP TABLE IF EXISTS `migrations`;
/*!40101 SET @saved_cs_client     = @@character_set_client */;
/*!50503 SET character_set_client = utf8mb4 */;
CREATE TABLE `migrations` (
  `id` int unsigned NOT NULL AUTO_INCREMENT,
  `migration` varchar(255) COLLATE utf8mb4_unicode_ci NOT NULL,
  `batch` int NOT NULL,
  PRIMARY KEY (`id`)
) ENGINE=InnoDB AUTO_INCREMENT=10 DEFAULT CHARSET=utf8mb4 COLLATE=utf8mb4_unicode_ci;
/*!40101 SET character_set_client = @saved_cs_client */;

--
-- Dumping data for table `migrations`
--

LOCK TABLES `migrations` WRITE;
/*!40000 ALTER TABLE `migrations` DISABLE KEYS */;
INSERT INTO `migrations` VALUES (1,'2014_10_12_000000_create_users_table',1),(2,'2014_10_12_100000_create_password_reset_tokens_table',1),(3,'2014_10_12_200000_add_two_factor_columns_to_users_table',1),(4,'2019_08_19_000000_create_failed_jobs_table',1),(5,'2019_12_14_000001_create_personal_access_tokens_table',1),(6,'2023_10_14_141656_create_rooms_table',1),(7,'2023_12_04_194150_create_clients_table',1),(8,'2023_12_04_194702_create_reservations_table',1),(9,'2023_12_06_200302_add_unique_constraint_to_reservations_table_for_dates',1);
/*!40000 ALTER TABLE `migrations` ENABLE KEYS */;
UNLOCK TABLES;

--
-- Table structure for table `password_reset_tokens`
--

DROP TABLE IF EXISTS `password_reset_tokens`;
/*!40101 SET @saved_cs_client     = @@character_set_client */;
/*!50503 SET character_set_client = utf8mb4 */;
CREATE TABLE `password_reset_tokens` (
  `email` varchar(255) COLLATE utf8mb4_unicode_ci NOT NULL,
  `token` varchar(255) COLLATE utf8mb4_unicode_ci NOT NULL,
  `created_at` timestamp NULL DEFAULT NULL,
  PRIMARY KEY (`email`)
) ENGINE=InnoDB DEFAULT CHARSET=utf8mb4 COLLATE=utf8mb4_unicode_ci;
/*!40101 SET character_set_client = @saved_cs_client */;

--
-- Dumping data for table `password_reset_tokens`
--

LOCK TABLES `password_reset_tokens` WRITE;
/*!40000 ALTER TABLE `password_reset_tokens` DISABLE KEYS */;
/*!40000 ALTER TABLE `password_reset_tokens` ENABLE KEYS */;
UNLOCK TABLES;

--
-- Table structure for table `personal_access_tokens`
--

DROP TABLE IF EXISTS `personal_access_tokens`;
/*!40101 SET @saved_cs_client     = @@character_set_client */;
/*!50503 SET character_set_client = utf8mb4 */;
CREATE TABLE `personal_access_tokens` (
  `id` bigint unsigned NOT NULL AUTO_INCREMENT,
  `tokenable_type` varchar(255) COLLATE utf8mb4_unicode_ci NOT NULL,
  `tokenable_id` bigint unsigned NOT NULL,
  `name` varchar(255) COLLATE utf8mb4_unicode_ci NOT NULL,
  `token` varchar(64) COLLATE utf8mb4_unicode_ci NOT NULL,
  `abilities` text COLLATE utf8mb4_unicode_ci,
  `last_used_at` timestamp NULL DEFAULT NULL,
  `expires_at` timestamp NULL DEFAULT NULL,
  `created_at` timestamp NULL DEFAULT NULL,
  `updated_at` timestamp NULL DEFAULT NULL,
  PRIMARY KEY (`id`),
  UNIQUE KEY `personal_access_tokens_token_unique` (`token`),
  KEY `personal_access_tokens_tokenable_type_tokenable_id_index` (`tokenable_type`,`tokenable_id`)
) ENGINE=InnoDB DEFAULT CHARSET=utf8mb4 COLLATE=utf8mb4_unicode_ci;
/*!40101 SET character_set_client = @saved_cs_client */;

--
-- Dumping data for table `personal_access_tokens`
--

LOCK TABLES `personal_access_tokens` WRITE;
/*!40000 ALTER TABLE `personal_access_tokens` DISABLE KEYS */;
/*!40000 ALTER TABLE `personal_access_tokens` ENABLE KEYS */;
UNLOCK TABLES;

--
-- Table structure for table `reservations`
--

DROP TABLE IF EXISTS `reservations`;
/*!40101 SET @saved_cs_client     = @@character_set_client */;
/*!50503 SET character_set_client = utf8mb4 */;
CREATE TABLE `reservations` (
  `id` bigint unsigned NOT NULL AUTO_INCREMENT,
  `client_id` bigint unsigned NOT NULL,
  `room_id` bigint unsigned NOT NULL,
  `beds` int NOT NULL DEFAULT '1',
  `check_in` date NOT NULL,
  `check_out` date NOT NULL,
  `price` decimal(10,2) NOT NULL DEFAULT '0.00',
  `price_tot` decimal(10,2) NOT NULL DEFAULT '0.00',
  `paid` tinyint(1) NOT NULL DEFAULT '0',
  `created_at` timestamp NULL DEFAULT NULL,
  `updated_at` timestamp NULL DEFAULT NULL,
  PRIMARY KEY (`id`),
  UNIQUE KEY `reservations_room_id_check_in_unique` (`room_id`,`check_in`),
  UNIQUE KEY `reservations_room_id_check_out_unique` (`room_id`,`check_out`),
  KEY `reservations_client_id_foreign` (`client_id`),
  CONSTRAINT `reservations_client_id_foreign` FOREIGN KEY (`client_id`) REFERENCES `clients` (`id`),
  CONSTRAINT `reservations_room_id_foreign` FOREIGN KEY (`room_id`) REFERENCES `rooms` (`id`)
) ENGINE=InnoDB AUTO_INCREMENT=15 DEFAULT CHARSET=utf8mb4 COLLATE=utf8mb4_unicode_ci;
/*!40101 SET character_set_client = @saved_cs_client */;

--
-- Dumping data for table `reservations`
--

LOCK TABLES `reservations` WRITE;
/*!40000 ALTER TABLE `reservations` DISABLE KEYS */;
INSERT INTO `reservations` VALUES (6,7,1,2,'2024-05-13','2024-05-14',75.00,75.00,0,'2024-05-12 06:34:41','2024-05-12 06:34:41'),(7,7,2,2,'2024-05-13','2024-05-14',75.00,75.00,0,'2024-05-12 06:35:03','2024-05-12 06:35:03'),(9,88,3,1,'2024-07-15','2024-07-17',50.00,100.00,1,'2024-07-15 18:16:49','2024-07-15 18:16:58'),(10,167,1,2,'2024-12-07','2024-12-26',55.00,1045.00,1,'2024-12-04 14:47:42','2024-12-04 14:55:21'),(11,11,16,2,'2025-03-15','2025-03-23',55.00,440.00,1,'2025-03-15 09:35:22','2025-03-15 09:35:35'),(12,167,1,1,'2025-03-21','2025-03-22',55.00,55.00,0,'2025-03-21 15:15:54','2025-03-21 15:16:41'),(13,176,1,3,'2025-05-14','2025-05-16',56.00,112.00,0,'2025-05-14 09:32:35','2025-05-15 14:56:44'),(14,179,2,3,'2025-05-15','2025-05-18',40.00,120.00,0,'2025-05-15 14:52:57','2025-05-15 14:52:57');
/*!40000 ALTER TABLE `reservations` ENABLE KEYS */;
UNLOCK TABLES;

--
-- Table structure for table `rooms`
--

DROP TABLE IF EXISTS `rooms`;
/*!40101 SET @saved_cs_client     = @@character_set_client */;
/*!50503 SET character_set_client = utf8mb4 */;
CREATE TABLE `rooms` (
  `id` bigint unsigned NOT NULL AUTO_INCREMENT,
  `room_number` varchar(255) COLLATE utf8mb4_unicode_ci NOT NULL,
  `beds` int NOT NULL,
  `created_at` timestamp NULL DEFAULT NULL,
  `updated_at` timestamp NULL DEFAULT NULL,
  PRIMARY KEY (`id`)
) ENGINE=InnoDB AUTO_INCREMENT=45 DEFAULT CHARSET=utf8mb4 COLLATE=utf8mb4_unicode_ci;
/*!40101 SET character_set_client = @saved_cs_client */;

--
-- Dumping data for table `rooms`
--

LOCK TABLES `rooms` WRITE;
/*!40000 ALTER TABLE `rooms` DISABLE KEYS */;
INSERT INTO `rooms` VALUES (1,'101',2,'2024-04-16 07:07:47','2024-04-16 07:07:47'),(2,'102',2,'2024-04-16 07:07:47','2024-04-16 07:07:47'),(3,'103',2,'2024-04-16 07:07:47','2024-04-16 07:07:47'),(4,'104',2,'2024-04-16 07:07:47','2024-04-16 07:07:47'),(5,'105',2,'2024-04-16 07:07:47','2024-04-16 07:07:47'),(6,'106',2,'2024-04-16 07:07:47','2024-04-16 07:07:47'),(7,'107',2,'2024-04-16 07:07:47','2024-04-16 07:07:47'),(8,'108',2,'2024-04-16 07:07:47','2024-04-16 07:07:47'),(9,'109',2,'2024-04-16 07:07:47','2024-04-16 07:07:47'),(10,'110',2,'2024-04-16 07:07:47','2024-04-16 07:07:47'),(11,'111',2,'2024-04-16 07:07:47','2024-04-16 07:07:47'),(12,'112',2,'2024-04-16 07:07:47','2024-04-16 07:07:47'),(13,'201',2,'2024-04-16 07:07:47','2024-04-16 07:07:47'),(14,'202',2,'2024-04-16 07:07:47','2024-04-16 07:07:47'),(15,'203',2,'2024-04-16 07:07:47','2024-04-16 07:07:47'),(16,'204',2,'2024-04-16 07:07:47','2024-04-16 07:07:47'),(17,'205',2,'2024-04-16 07:07:47','2024-04-16 07:07:47'),(18,'206',2,'2024-04-16 07:07:47','2024-04-16 07:07:47'),(19,'207',2,'2024-04-16 07:07:47','2024-04-16 07:07:47'),(20,'208',2,'2024-04-16 07:07:48','2024-04-16 07:07:48'),(21,'209',2,'2024-04-16 07:07:48','2024-04-16 07:07:48'),(22,'210',2,'2024-04-16 07:07:48','2024-04-16 07:07:48'),(23,'211',2,'2024-04-16 07:07:48','2024-04-16 07:07:48'),(24,'301',2,'2024-04-16 07:07:48','2024-04-16 07:07:48'),(25,'302',2,'2024-04-16 07:07:48','2024-04-16 07:07:48'),(26,'303',2,'2024-04-16 07:07:48','2024-04-16 07:07:48'),(27,'304',2,'2024-04-16 07:07:48','2024-04-16 07:07:48'),(28,'305',2,'2024-04-16 07:07:48','2024-04-16 07:07:48'),(29,'306',2,'2024-04-16 07:07:48','2024-04-16 07:07:48'),(30,'307',2,'2024-04-16 07:07:48','2024-04-16 07:07:48'),(31,'308',2,'2024-04-16 07:07:48','2024-04-16 07:07:48'),(32,'309',2,'2024-04-16 07:07:48','2024-04-16 07:07:48'),(33,'310',2,'2024-04-16 07:07:48','2024-04-16 07:07:48'),(34,'311',2,'2024-04-16 07:07:48','2024-04-16 07:07:48'),(35,'A',2,'2024-04-16 07:07:48','2024-04-16 07:07:48'),(36,'B',2,'2024-04-16 07:07:48','2024-04-16 07:07:48'),(37,'C',2,'2024-04-16 07:07:48','2024-04-16 07:07:48'),(38,'D',2,'2024-04-16 07:07:48','2024-04-16 07:07:48'),(39,'E',2,'2024-04-16 07:07:48','2024-04-16 07:07:48'),(40,'01',2,'2024-04-16 07:07:48','2024-04-16 07:07:48'),(41,'02',2,'2024-04-16 07:07:48','2024-04-16 07:07:48'),(42,'03',2,'2024-04-16 07:07:48','2024-04-16 07:07:48'),(43,'App. Gr.',2,'2024-04-16 07:07:48','2024-04-16 07:07:48'),(44,'App. Pic.',2,'2024-04-16 07:07:48','2024-04-16 07:07:48');
/*!40000 ALTER TABLE `rooms` ENABLE KEYS */;
UNLOCK TABLES;

--
-- Table structure for table `users`
--

DROP TABLE IF EXISTS `users`;
/*!40101 SET @saved_cs_client     = @@character_set_client */;
/*!50503 SET character_set_client = utf8mb4 */;
CREATE TABLE `users` (
  `id` bigint unsigned NOT NULL AUTO_INCREMENT,
  `is_admin` tinyint(1) NOT NULL DEFAULT '0',
  `is_manager` tinyint(1) NOT NULL DEFAULT '0',
  `name` varchar(255) COLLATE utf8mb4_unicode_ci NOT NULL,
  `email` varchar(255) COLLATE utf8mb4_unicode_ci NOT NULL,
  `email_verified_at` timestamp NULL DEFAULT NULL,
  `password` varchar(255) COLLATE utf8mb4_unicode_ci NOT NULL,
  `two_factor_secret` text COLLATE utf8mb4_unicode_ci,
  `two_factor_recovery_codes` text COLLATE utf8mb4_unicode_ci,
  `remember_token` varchar(100) COLLATE utf8mb4_unicode_ci DEFAULT NULL,
  `created_at` timestamp NULL DEFAULT NULL,
  `updated_at` timestamp NULL DEFAULT NULL,
  PRIMARY KEY (`id`),
  UNIQUE KEY `users_email_unique` (`email`)
) ENGINE=InnoDB AUTO_INCREMENT=5 DEFAULT CHARSET=utf8mb4 COLLATE=utf8mb4_unicode_ci;
/*!40101 SET character_set_client = @saved_cs_client */;

--
-- Dumping data for table `users`
--

LOCK TABLES `users` WRITE;
/*!40000 ALTER TABLE `users` DISABLE KEYS */;
INSERT INTO `users` VALUES (1,1,1,'Administrator','admin@example.com',NULL,'$2y$10$5ilblYIesNlD2sPGZkKCneNfVxwmQT45G486Fw1UEB5YaQnJppL7W',NULL,NULL,NULL,'2024-04-16 07:07:46','2024-04-16 07:07:46'),(2,0,1,'HotelPoseidon','info@poseidonhotel.it',NULL,'$2y$10$767wzB5Ns9pneSkljdRE0.ZY2wp2Z24XNdpBz.P/m3bfGbn8tshKq',NULL,NULL,NULL,'2024-04-16 07:07:47','2024-04-16 07:07:47'),(3,0,1,'Manager','manager@example.com',NULL,'$2y$10$qgQzWx0.oAhn6ZhazfwCQOi.mgSpaLaZbvX9DubD3i3dokUEyNfoS',NULL,NULL,NULL,'2024-04-16 07:07:47','2024-04-16 07:07:47'),(4,0,0,'User','user@example.com',NULL,'$2y$10$dtTqIDi1oVDF/jXYidVthepEZ7Xubl5R.9p4olhJdJ0UrmP2M2Dw2',NULL,NULL,NULL,'2024-04-16 07:07:47','2024-04-16 07:07:47');
/*!40000 ALTER TABLE `users` ENABLE KEYS */;
UNLOCK TABLES;
/*!40103 SET TIME_ZONE=@OLD_TIME_ZONE */;

/*!40101 SET SQL_MODE=@OLD_SQL_MODE */;
/*!40014 SET FOREIGN_KEY_CHECKS=@OLD_FOREIGN_KEY_CHECKS */;
/*!40014 SET UNIQUE_CHECKS=@OLD_UNIQUE_CHECKS */;
/*!40101 SET CHARACTER_SET_CLIENT=@OLD_CHARACTER_SET_CLIENT */;
/*!40101 SET CHARACTER_SET_RESULTS=@OLD_CHARACTER_SET_RESULTS */;
/*!40101 SET COLLATION_CONNECTION=@OLD_COLLATION_CONNECTION */;
/*!40111 SET SQL_NOTES=@OLD_SQL_NOTES */;

-- Dump completed on 2025-05-15 15:53:11
